date,date_precision,platform_id,platform,product,markets,change,source_url,source_type
2026-09-28,day,google_ads,Google Ads,forex_cfd,"EEA_OTHER,ROW",Announced for October 2026: complex speculative products ads allowed in Denmark (Finanstilsynet) and Chile (CMF or Central Bank) with Google certification.,https://support.google.com/adspolicy/answer/18546412?hl=en,platform_notice
2026-09-15,day,google_ads,Google Ads,all_financial,EEA_OTHER,"Financial services verification enforced in Bulgaria, Croatia, Cyprus, Czechia, Estonia, Greece, Latvia, Lithuania, Malta, Poland, Romania, Slovakia and Slovenia.",https://support.google.com/adspolicy/answer/12390454?hl=en,platform_notice
2026-09-01,day,x,X,all_financial,EEA_OTHER,Financial ads targeting Hungary are permitted with restrictions.,https://business.x.com/en/help/ads-policies/ads-policy-update-log,platform_notice
2026-09-01,month,tiktok,TikTok,forex_cfd,"DE,EEA_OTHER","Financial Services policy page (updated Sept 2026) lists FX services as may be allowed for France, Germany and Finland and drops forex from their high-risk ban.",https://ads.tiktok.com/resources/help/article/tiktok-ads-policy-financial-services,platform_notice
2026-08-14,day,google_ads,Google Ads,all_financial,EEA_OTHER,"Reported: Google set second wave of EEA financial services verification for 13 countries, applications from 11 Aug, enforcement 15 Sep 2026.",https://ppcnewsfeed.com/ppc-news/2026-08/google-expands-financial-services-verification-requirements/,press
2026-08-01,month,tiktok,TikTok,all_financial,"DE,GB,EEA_OTHER","Precious metals trading ads allowed in France, Italy, Germany and UK with age targeting, local licensing where necessary and required disclosures.",https://ads.tiktok.com/resources/help/article/update-to-precious-metals-trading-policy-august-2026,platform_notice
2026-08-01,month,tiktok,TikTok,forex_cfd,"US,ROW","CFD ads allowed in US and Canada, previously banned as complex speculative investments; need sales representative permission, age targeting and local licensing where necessary.",https://ads.tiktok.com/resources/help/article/update-to-cfd-contracts-for-difference-policy-aug-2026,platform_notice
2026-08-01,month,microsoft_ads,Microsoft Advertising,crypto_exchange,"AU,BR",Finance policy updated for Australia and Brazil to allow crypto exchanges in Search and Audience ads.,https://help.ads.microsoft.com/#apex/ads/en/60225/0,platform_notice
2026-07-23,day,google_ads,Google Ads,all_financial,EEA_OTHER,"Financial services verification enforced in Austria, Belgium, Denmark, Finland, Hungary, Iceland, Liechtenstein, Luxembourg, Netherlands, Norway and Sweden.",https://support.google.com/adspolicy/answer/12390454?hl=en,platform_notice
2026-07-22,day,google_ads,Google Ads,crypto_exchange,EEA_OTHER,"Announced for August 2026: crypto exchange, software and hardware wallet ads allowed in Iceland, Liechtenstein and Norway with MiCA CASP authorisation and certification.",https://support.google.com/adspolicy/answer/17264747?hl=en,platform_notice
2026-07-01,month,tiktok,TikTok,forex_cfd,EEA_OTHER,Foreign exchange (FX) services ads allowed in France if age-targeted and licensed by local regulators where necessary; previously banned as high-risk investment products.,https://ads.tiktok.com/resources/help/article/update-to-financial-services-policy-july-2026,platform_notice
2026-07-01,month,tiktok,TikTok,crypto_exchange,"US,ROW","Crypto mining device ads allowed in US and Canada with sales representative permission, age targeting and local licensing where necessary. Not specific to exchanges.",https://ads.tiktok.com/resources/help/article/update-to-crypto-mining-devices-policy-july-2026,platform_notice
2026-07-01,month,tiktok,TikTok,all_financial,"US,PH,GB,EEA_OTHER,ROW","Prediction markets and event contracts ads allowed in 17 markets including US, Canada, Philippines, UK, Ireland, Denmark, Finland, Sweden; sales representative eligibility check, age targeting, disclaimers.",https://ads.tiktok.com/resources/help/article/update-to-prediction-markets-and-event-contracts-policy-july-2026,platform_notice
2026-07-01,month,tiktok,TikTok,all_financial,ROW,"Investment consultation or advice ads allowed in Bolivia and Paraguay with age targeting, local licensing where necessary and disclaimers.",https://ads.tiktok.com/resources/help/article/update-to-investment-consultation-or-advice-policy-july-2026,platform_notice
2026-07-01,day,google_ads,Google Ads,crypto_exchange,EEA_OTHER,France: AMF DASP registrations no longer accepted for crypto exchange and wallet ads; MiCA CASP authorisation required.,https://support.google.com/adspolicy/answer/17218519?hl=en,platform_notice
2026-06-23,day,google_ads,Google Ads,all_financial,EEA_OTHER,"Financial services verification announced for 24 EEA markets; G2 applications open 23 Jun 2026, rolling enforcement from 23 Jul 2026.",https://support.google.com/adspolicy/answer/17127726?hl=en,platform_notice
2026-06-05,day,meta,Meta,prop_firm,global,Press reported Meta removed Facebook and Instagram accounts and ad access of several prop trading firms in April to May 2026; no published policy change.,https://www.tradeinformer.com/prop-weekly/meta-is-targeting-prop-firms,press
2026-06-01,month,tiktok,TikTok,crypto_exchange,"GB,EEA_OTHER","Digital currency advisory services ads allowed in UK and Ireland; advertisers must be licensed, age-target ads and get permission via a TikTok sales representative.",https://ads.tiktok.com/help/article/update-to-financial-services-policy-june-2026,platform_notice
2026-05-01,day,x,X,all_financial,"EEA_OTHER,US",Financial aggregators are permitted in France and the US with restrictions.,https://business.x.com/en/help/ads-policies/ads-policy-update-log,platform_notice
2026-05-01,month,microsoft_ads,Microsoft Advertising,crypto_exchange,global,Audience ads for crypto exchanges allowed in all markets where Microsoft accepts crypto advertising.,https://help.ads.microsoft.com/#apex/ads/en/60225/0,platform_notice
2026-05-01,month,microsoft_ads,Microsoft Advertising,all_financial,US,Prediction market sites registered with the CFTC as designated contract markets can run ads in selected states as a pilot.,https://help.ads.microsoft.com/#apex/ads/en/60225/0,platform_notice
2026-04-30,day,meta,Meta,all_financial,global,Meta published a revised version of its Financial and insurance products and services ad standard (version date from Meta change log).,https://transparency.meta.com/en-gb/policies/ad-standards/restricted-goods-services/financial-services/,platform_notice
2026-04-30,day,google_ads,Google Ads,crypto_exchange,global,From May 2026 crypto certifications are applied for inside the Google Ads account; Help Center applications end June 2026.,https://support.google.com/adspolicy/answer/17067928?hl=en,platform_notice
2026-04-30,day,google_ads,Google Ads,forex_cfd,global,From May 2026 complex speculative products certification is applied for inside the Google Ads account; Help Center applications end June 2026.,https://support.google.com/adspolicy/answer/17067928?hl=en,platform_notice
2026-04-15,day,meta,Meta,crypto_exchange,global,Meta published a revised version of its Cryptocurrency products and services ad standard (version date from Meta change log).,https://transparency.meta.com/en-gb/policies/ad-standards/restricted-goods-services/cryptocurrency-products-and-services/,platform_notice
2026-04-14,day,google_ads,Google Ads,all_financial,MY,Financial services verification enforced in Malaysia (applications from 10 Mar 2026); unverified advertisers cannot show financial services ads there.,https://support.google.com/adspolicy/answer/16888296?hl=en,platform_notice
2026-03-20,day,meta,Meta,all_financial,global,Meta published a revised version of its Financial and insurance products and services ad standard (version date from Meta change log).,https://transparency.meta.com/en-gb/policies/ad-standards/restricted-goods-services/financial-services/,platform_notice
2026-03-11,day,meta,Meta,all_financial,global,"Meta set a goal for verified advertisers to drive 90% of ad revenue by end 2026, covering the highest risk categories first.",https://about.fb.com/news/2026/03/fighting-scammers-protecting-people-with-new-technology-and-partnerships/,platform_notice
2026-03-11,day,meta,Meta,all_financial,global,Meta published a revised version of its Financial and insurance products and services ad standard (version date from Meta change log).,https://transparency.meta.com/en-gb/policies/ad-standards/restricted-goods-services/financial-services/,platform_notice
2026-03-01,day,x,X,all_financial,global,"Paid Partnerships policy (creator posts, not ads) revised: financial and crypto promotions no longer banned globally, still prohibited in EU, UK and Australia.",https://cointelegraph.com/news/x-lifts-crypto-promo-ban-for-paid-partnerships,press
2026-02-17,day,google_ads,Google Ads,crypto_exchange,global,"Google starts incremental rollout of crypto certification applications inside the Google Ads account (Admin, Policy, Account).",https://support.google.com/adspolicy/answer/16882849?hl=en,platform_notice
2026-02-17,day,google_ads,Google Ads,forex_cfd,global,"Google starts incremental rollout of complex speculative financial products certification applications inside the Google Ads account (Admin, Policy, Account).",https://support.google.com/adspolicy/answer/16882849?hl=en,platform_notice
2026-02-01,month,google_ads,Google Ads,crypto_exchange,ROW,Indonesia added in February 2026 (day not stated): crypto exchange and software wallet ads allowed with an OJK licence and Google certification.,https://support.google.com/adspolicy/answer/16885619?hl=en,platform_notice
2026-01-01,month,microsoft_ads,Microsoft Advertising,crypto_exchange,"DE,GB,EEA_OTHER",Crypto exchanges allowed for qualifying Search advertisers in all 27 EU states and the UK.,https://help.ads.microsoft.com/#apex/ads/en/60225/0,platform_notice
2025-12-30,day,google_ads,Google Ads,crypto_exchange,DE,Transition ends for Germany: national crypto licences no longer accepted; only MiCA CASP authorisation qualifies for exchange and wallet ads.,https://support.google.com/adspolicy/answer/16089943?hl=en,platform_notice
2025-12-08,day,meta,Meta,all_financial,BR,Marketing API added a Brazil regulation beneficiary and payer declaration for ad sets targeting Brazil; applies to all ad categories.,https://developers.facebook.com/docs/marketing-api/out-of-cycle-changes/occ-2025,platform_notice
2025-12-08,day,meta,Meta,all_financial,global,Meta published a revised version of its Financial and insurance products and services ad standard (version date from Meta change log).,https://transparency.meta.com/en-gb/policies/ad-standards/restricted-goods-services/financial-services/,platform_notice
2025-12-03,day,meta,Meta,all_financial,global,Meta said it is expanding advertiser verification with particular emphasis on financial investment ads.,https://about.fb.com/news/2025/12/scams-are-bad-for-business-metas-efforts-to-fight-fraud/,platform_notice
2025-12-01,month,microsoft_ads,Microsoft Advertising,forex_cfd,"DE,GB",CFD advertisers who meet set criteria allowed in Germany and the UK through a pilot.,https://help.ads.microsoft.com/#apex/ads/en/60225/0,platform_notice
2025-12-01,month,microsoft_ads,Microsoft Advertising,crypto_exchange,"IN,JP",Crypto wallet advertisers who meet set criteria allowed in India and Japan through a pilot.,https://help.ads.microsoft.com/#apex/ads/en/60225/0,platform_notice
2025-11-18,day,linkedin,LinkedIn,all_financial,global,Advertising Policies revised; current version keeps financial services and cryptocurrency restricted and UK financial ads FCA authorised only. Financial edits in this revision unconfirmed.,https://www.linkedin.com/legal/ads-policy,platform_notice
2025-11-12,day,meta,Meta,all_financial,global,Meta published a revised version of its Financial and insurance products and services ad standard (version date from Meta change log).,https://transparency.meta.com/en-gb/policies/ad-standards/restricted-goods-services/financial-services/,platform_notice
2025-11-12,day,meta,Meta,crypto_exchange,global,Meta published a revised version of its Cryptocurrency products and services ad standard (version date from Meta change log).,https://transparency.meta.com/en-gb/policies/ad-standards/restricted-goods-services/cryptocurrency-products-and-services/,platform_notice
2025-10-27,day,meta,Meta,all_financial,TH,Advertisers reaching Thailand who meet risk criteria must verify beneficiary and payer within 7 days or lose delivery; applies to all ad categories.,https://developers.facebook.com/blog/post/2025/10/27/advertiser-verification-transparency-thailand/,platform_notice
2025-10-01,day,x,X,all_financial,ROW,Debt consolidation services permitted in Japan with restrictions.,https://business.x.com/en/help/ads-policies/ads-policy-update-log,platform_notice
2025-09-10,day,google_ads,Google Ads,crypto_exchange,ROW,Argentina added from September 2025: crypto exchange and wallet ads allowed if on the CNV virtual asset service provider registry and certified by Google.,https://support.google.com/adspolicy/answer/16560115?hl=en,platform_notice
2025-07-01,day,google_ads,Google Ads,crypto_exchange,ROW,Canada added: crypto exchange and software wallet ads allowed if registered with FINTRAC as a money services business and certified by Google.,https://support.google.com/adspolicy/answer/16345928?hl=en,platform_notice
2025-06-26,day,meta,Meta,all_financial,IN,Securities and investment ads targeting India must verify beneficiary and payer with SEBI registration; enforcement from 2025-07-28.,https://developers.facebook.com/blog/post/2025/06/26/verification-and-transparency-requirements-for-advertisers-targeting-users-in-india-with-securities-and-investments-ads/,platform_notice
2025-04-23,day,google_ads,Google Ads,crypto_exchange,"DE,EEA_OTHER","EU crypto exchange and wallet ads need MiCA CASP authorisation and Google certification; national licences accepted until 30 Jun 2025 (FI), 30 Dec 2025 (DE), 30 Jun 2026 (FR).",https://support.google.com/adspolicy/answer/16089943?hl=en,platform_notice
2025-04-01,month,microsoft_ads,Microsoft Advertising,crypto_exchange,"IN,JP",Crypto exchanges allowed in Search ads in India and Japan.,https://help.ads.microsoft.com/#apex/ads/en/60225/0,platform_notice
2025-02-26,day,google_ads,Google Ads,crypto_exchange,AE,"UAE added: crypto exchange and wallet ads allowed if licensed by FSRA, VARA or DFSA, compliant locally and certified by Google.",https://support.google.com/adspolicy/answer/15937830?hl=en,platform_notice
2025-02-12,day,google_ads,Google Ads,crypto_exchange,ZA,South Africa added: crypto exchange and wallet ads allowed if registered with the FSCA and certified by Google; hardware wallets also allowed.,https://support.google.com/adspolicy/answer/15858352?hl=en,platform_notice
2025-02-04,day,meta,Meta,all_financial,AU,Deadline for financial services ads targeting Australia to carry verified beneficiary and payer plus AFSL number or exemption.,https://www.jonloomer.com/qvt/financial-services-in-australia/,press
2025-02-01,month,microsoft_ads,Microsoft Advertising,crypto_exchange,"DE,EEA_OTHER","Crypto exchanges allowed in Search ads in Austria, Estonia, Finland, France, Germany, Ireland, Netherlands and Spain.",https://help.ads.microsoft.com/#apex/ads/en/60225/0,platform_notice
2025-01-15,day,google_ads,Google Ads,crypto_exchange,GB,UK crypto exchange and software wallet ads require FCA registration and Google certification; hardware wallets allowed if they offer no trading services.,https://support.google.com/adspolicy/answer/15709802?hl=en,platform_notice
2025-01-14,day,meta,Meta,all_financial,US,"Financial products and services special ad category became mandatory for US ads, fixing age 18 to 65+, all genders, 15 mile radius, no lookalikes.",https://developers.facebook.com/docs/marketing-api/audiences/special-ad-category/,platform_notice
